{"cameraMode":{"drawMode":0,"name":"Shaded","section":"Shading Mode"},"sceneLighting":true,"audioPlay":false,"sceneViewState":{"showFog":true,"showMaterialUpdate":false,"showSkybox":true,"showFlares":true,"showImageEffects":true,"showParticleSystems":true},"in2DMode":false,"pivot":{"x":0.7475566864013672,"y":-1.9614524841308594,"z":0.09134864807128906},"rotation":{"x":-0.132963627576828,"y":0.866688072681427,"z":-0.3265303373336792,"w":-0.3529168665409088},"size":48.70927810668945,"orthographic":false}